link,
https://www.buyacar.co.uk/bmw/3-series/3-series-saloon/330d-m-sport-4dr-step-auto-70258/deal-1708785,
https://www.buyacar.co.uk/bmw/3-series/3-series-saloon/330d-m-sport-4dr-step-auto-70258/deal-1953349,
https://www.buyacar.co.uk/bmw/3-series/3-series-saloon/330d-m-sport-4dr-step-auto-70258/deal-1853675,
https://www.buyacar.co.uk/bmw/3-series/3-series-saloon/330d-m-sport-4dr-step-auto-70258/deal-1962277,
https://www.buyacar.co.uk/bmw/3-series/3-series-saloon/330d-m-sport-4dr-step-auto-70258/deal-1918057,
https://www.kbb.com/cars-for-sale/494970912/?galleryview=photos,
https://www.kbb.com/cars-for-sale/500030238/?vehicleid=411767&isajax=false&listingyear=2016&listingmake=lexus&listingmodel=es%20350&maxresults=7&dealerid=565235&galleryview=photos,
https://www.kbb.com/cars-for-sale/497369035/?totalresults=0&index=0&atcmodel=all&searchtype=all&zipcode=&srpi=spo&distance=75,
https://www.kbb.com/cars-for-sale/494875244/?totalresults=0&index=0&atcmodel=all&searchtype=all&zipcode=&srpi=spo&distance=75,
https://www.kbb.com/cars-for-sale/500256802/?totalresults=1000&index=19&atcmodel=all&searchtype=all&zipcode=&distance=75",
https://www.kijiji.ca/v-classic-cars/edmonton/ford-mustang-gt-cs-low-km-18000-obo/1394043698,
https://www.kijiji.ca/v-cars-trucks/edmonton/2018-ford-mustang-gt-premium-fastback/1393600593?enableSearchNavigationFlag=true,
https://www.kijiji.ca/v-cars-trucks/strathcona-county/2015-ram-1500-laramie-longhorn-pickup-truck/1397075383?enableSearchNavigationFlag=true,
https://www.kijiji.ca/v-cars-trucks/edmonton/2007-bmw-z4-3-0i-low-kilometers-mp3-decoder/1377215326?enableSearchNavigationFlag=true,
https://www.kijiji.ca/v-classic-cars/edmonton/1966-shelby-cobra-replica/1398205714?enableSearchNavigationFlag=true",
https://www.marblesautomotive.com/inventory/2011/Chevrolet/Cruze/NY/Penn%20Yan/1G1PF5S96B7214144/,
https://www.marblesautomotive.com/inventory/2015/Chevrolet/Equinox/NY/Penn%20Yan/1GNFLFEK2FZ129044/,
https://www.marblesautomotive.com/inventory/2011/Chevrolet/Cruze/NY/Penn%20Yan/1G1PF5S96B7214144/,
https://www.marblesautomotive.com/inventory/2015/Toyota/RAV4/NY/Penn%20Yan/JTMBFREV9FJ042170/,
https://www.marblesautomotive.com/inventory/2016/Chevrolet/Malibu/NY/Penn%20Yan/1G1ZE5ST5GF187734/,
http://www.munstermanauto.com/vehicle/used-2005-ford-escape-limited-3034390?refby=dealersite#ar_top,
http://www.munstermanauto.com/vehicle/used-2016-ford-focus-se-3070811,
http://www.munstermanauto.com/vehicle/used-2006-ford-fusion-se-3082812,
http://www.munstermanauto.com/vehicle/used-2010-ford-explorer-eddie-bauer-3070812,
http://www.munstermanauto.com/vehicle/used-2006-ford-freestar-wagon-se-3072525,
http://www.munstermanauto.com/vehicle/used-2003-ford-explorer-xlt-sport-utility-4d-3001003,
http://www.munstermanauto.com/vehicle/used-2006-ford-fusion-sel-3069350",
https://www.usedcars.com/vehicle-details/246240533/?id=33378&prev=srp&zipcode=90006,
https://www.usedcars.com/vehicle-details/246883113/?id=33378&prev=srp&zipcode=90006,
https://www.usedcars.com/vehicle-details/252825246/?id=33378&prev=srp&zipcode=90006,
https://www.usedcars.com/vehicle-details/252238208/?id=33378&prev=srp&zipcode=90006,
https://www.usedcars.com/vehicle-details/242087365/?id=33378&prev=srp&zipcode=90006,
https://www.cars.com/research/ford-f_150-2015/specs/usc50fot112a0/,
https://www.cars.com/research/ford-escape-2019/specs/usc90fos132b0/,
https://www.cars.com/research/ford-f_350-2015/specs/usc50fot13ea0/,
https://www.cars.com/research/ford-f_350-2018/specs/usc80fot139d0/